DATE,SUNDAY,BIB_VERSE,TGL_OP,TGL_DB,TGL_DT,TGL_IP,TGL_GP_LINK
14/02/2024,no,1:1-25,"Panginoong Diyos, salamat  at ipinadala mo ang Iyong Anak sa mundo; Na si Hesus, ang tanging magliligtas sa amin mula sa mga kasalanan; at Siya ay ang Emmanuel, ang Diyos na kasama namin. Tulungan mo ako sa araw na ito, na mamuhay para kay Hesus bilang aking Panginoon at Tagapagligtas. Hinihiling ko ito sa Pangalan Ni Hesus, Amen.","Ang salaysay ni Mateo tungkol sa Buhay ni Hesus, ay hindi nagsisimula, sa mga pamilyar na pangyayari ng Kanyang kapanganakan. Bagkus ay higit pa rIto. Binigyan tayo ng mahaba, na tila makamundong talaan, ng mga angkan. Natutukso tayong suriin ang listahan ng mga pangalan, hanggang sa madiskubre natin ang mga simula ng ilang tunay na pangyayari. Gayunpaman, ang talaan ng mga angkan na ito ay nagpapaalala sa atin, na ang Kuwento ni Hesus, ay may pinagmulang pangyayari. Matagal nang binalak ng Diyos ang pagdating ng Kanyang Anak. 

Noong sinaunang panahon, ang mga talaan ng angkan ay nagsisilbing katulad, ng isang modernong talaan ng buhay at karanasan. Isa  itong paraan ng pagsasabi sa mga tao, ""Ito ay kung sino ako"". Pansinin ang dalawang katangian ng talaan ng angkan ni Hesus.

Una, naglalaman ito ng ilang hindi kapani-paniwalang mga tao na binigyan ng Diyos ng hindi kapani-paniwalang mga pangako. Kay Abraham, sinabi ng Diyos ""Pagpapalain Ko ang buong mundo sa pamamagitan ng isa sa iyong mga apo"". Kay David, sinabi ng Diyos, ""Ang isa sa iyong mga apo ay mamumuno magpakailanman"". Nang isama ni Mateo ang talaan ng angkang ito sa simula ng kanyang Ebanghelyo, sinasabi niya, ""Si Hesus ang katuparan  ng Diyos sa lahat ng Kanyang mga pangako sa kanyang mga tao.""

Pangalawa, ang talaan ng angkan na ito ay nagbibigay sa atin ng pahiwatig kung paano nauugnay ang Diyos sa Kanyang mga tao. Sa isang listahan ng mga lalaki, mayroong apat na babae na kasama: bawat isa sa kanila ay panlipunan o moral na mga tagalabas. Nariyan si Tamar, na nangalunya kay Huda. Nariyan si Rahab, isang hindi mananampalataya na ang trabaho ay sa prostitusyon. Si Ruth, isang dayuhang Moabita; si Bathsheba, na nangalunya kay David, Sa Talaan Ng Angkan ni Hesus, ay may mga  tao na di maayos ang pamumuhay. Ano ang sinasabi nito sa atin? Ipinakikita nito sa atin na walang sinuman, ang hindi kasama sa Kaharian ng Diyos. Ang Diyos ay hindi nauugnay sa atin sa pamamagitan ng ating mga nagawa  at ating angkan. Siya ay lubos na nauugnay sa atin sa pamamagitan, ng kanyang biyaya. ",Higit pa sa isang listahan ng mga pangalan,"Mahal na Ama sa Langit, Niyakap ka namin para sa Pagkakaisa na aming ipinagdiriwang bilang mga mananampalataya kay Kristo. Hesus, Lumalapit kami sa Iyo sa simula ng Kampanya ng "" ONE 2024 "" at kinikilala Ka namin bilang Mesiyas, Panginoon, at Tagapagligtas. Nawa'y gamitin Mo ang Kampanya na ito upang magkaisa ang mga simbahan at mananampalataya sa lahat ng dako. Kami ay nananalangin para sa  mga pinuno ng  aming simbahan at humihingi ng karagdagang kaalaman na hindi sila nag-iisa. Tulungan kaming suportahan sila at hikayatin silang lumapit sa ibang mga pinuno ng simbahan. Nais ka naming pasalamatan dahil binibigyan Mo ang mga ba-nal, na magkaisa sa Pagkabuhay na Muli ni Hesus at makibahagi sa Pag-ibig ni Hesukristo na hatid ng Kanyang Kamatayan sa Kalbaryo, para sa aming mga kasalanan, at mga kasalanan ng sanlibutan. Sa oras na ito, ipinagdarasal natin ang mga simbahan na naghahanda, para sa pagdiriwang ng paskwa. Nawa'y pakilosin ng Banal na Espiritu ang mga banal na aktibong lumahok, sa mga ministeryong itinataguyod ng mga simbahan ng lahat na denominasyon, at pamamaraan. Nawa'y magtamasa ang mga simbahan ng pabor, sa ating mga komunidad, dahil ang kapangyarihan ng Pagkabuhay na Muli ni Hesus, ay nahayag sa iba't ibang grupo. Bigyan mo kami ng sigasig sa pag-eebanghelyo, upang maabot ang mga nawawalang kaluluwa at alagaan ang mga dukha, maysakit, at mga taong napapabayaan. Sa Pangalan ni Hesus, Amen!",
15/02/2024,no,2:1-23,"Mapagmahal na Diyos at Ama sa Langit, inaamin ko na hindi ko palaging tinatanggap ang Pamamahala ni Hesus sa aking puso. Inuna ko ang mga bagay na Iyong ibinibigay sa akin, sa halip na unahin si Hesus at sambahin Siya ayon sa nararapat. Patawarin mo sana ako at tulungan mo ako sa pamamagitan ng Iyong Espiritu na maglingkod kay Hesus bilang aking Hari. Sa Kanyang Pangalan, kami ay nananalangin, Amen.","Isaalang-alang saglit ang tatlong tugon na nakikita natin sa pagsilang ni Hesus sa kabanatang ito.

Si Haring Herodes ay nagalit kay Hesus. Nang dumating ang mga Mago sa Herusalem na nagtanong, ""Nasaan ang ipinanganak na hari ng mga Hudio?"", sinabi sa amin na siya ay nabalisa. Bakit siya nabalisa? Dahil siya ang hari at ayaw ng anumang karibal sa kanyang trono. Sa maraming aspeto, maaari tayong magkatulad. Nilalabanan natin ang Pamamahala ni Hesus, dahil gusto nating pamahalaan ang ating sariling buhay. Mayroong maliit na Haring Herodes na nabubuhay sa bawat puso natin.

Ang mga pari ay walang malasakit kay Hesus. Pansinin natin, nang dumating ang mga Mago sa kanila upang itanong kung saan ipanganganak ang Mesiyas, alam ng mga pari ang sagot. Gayunpaman, hindi sila pumunta upang mag-imbestiga. Ang Bethlehem ay ilang milya lamang mula sa Herusalem. Iisipin mong pupunta sila at tingnan kung nagkatotoo ang hula tungkol sa Mesiyas, ngunit hindi sila interesado. Sinasabi nito sa atin na posible para sa mga taong relihiyoso, ang uri na alam ang kanilang bibliya, na panatilihin ang kanilang distansya kay Hesus.

Sa wakas, sinamba ng mga Mago si Hesus. Dumating sila na may dalang mga regalo na nagsasabi sa kung sino ang batang ito at kung ano ang gagawin niya. Ang ginto ay regalo ng isang Hari, na kinikilala ang Kanyang karapatang mamuno.
Ang kamangyan ay ginamit ng mga pari sa pagsamba sa templo. Narito ang bata na magiging tagapamagitan sa pagitan ng Diyos at sangkatauhan. Ang mira ay ginagamit para sa pag-embalsamo, na nagbibigay sa atin ng pahiwatig ng isang bagay na gagamitin sa Kamatayan ni Hesus.

Alin sa tatlong grupo ng mga tao ang pinaka malapit na tumugma sa iyong tugon kay Hesus?",Pagtugon Kay Hesus,"Mahal na Ama sa Langit, idinadalangin namin ang mga taong binigyan Mo ng awtoridad sa amin. Idinadalangin namin ang mga pamahalaan, at mga pinunong pampulitika. Tulungan kaming isantabi ang mga personal na kagustuhan, at kilalanin na walang awtoridad ang maaaring umiral kung wala ang Iyong Banal na Awtoridad. Idinadalangin namin ang mga makadiyos na lider, at lalo na ang mga Kristiano sa gobyerno. Nawa'y bigyan Mo sila ng espesyal na karunungan at gamitin Mo ang kanilang posisyon, upang makaimpluwensya, sa paraang naaayon sa Iyong Kalooban at magbibigay sa Iyo ng Kaluwalhatian. Idinadalangin namin ang mga taong magbibigay ng hustisya sa Iyong Pangalan, at humihingi kami ng supernatural na patnubay para sa kanila. Protektahan ang kanilang mga pamilya. Idinadalangin namin ang higit na konsultasyon sa pagitan ng mga Simbahan, at mga pinuno ni Kristo at pakikipagtulungan sa loob ng pamahalaan. Kinikilala namin, Hesus na Mesiyas, na Ikaw ang Aming Pangwakas na Pamahalaan, Na humihiling sa amin na maglingkod sa Iyo nang matagumpay, habang kasabay nito ay himukin ang aming pamahalaan na kumilos nang makatarungan, at kumilos na may habag. Panginoon, patuloy Mong buhayin ang mga Daniels, Josephs at Deborahs na pipiliin na ituloy ang isang tawag na maglingkod sa gobyerno? Sa Pangalan ni Hesus, Amen!",
16/02/2024,no,3:1-17,"Panginoong Diyos, salamat na hindi Ka lumalayo, o walang pakialam, sa aming mga paghihirap at pagdurusa. Ikaw ay naparito sa mundo sa pamamagitan ni Hesus. Salamat sa kaginhawahan sa piling ni Hesus, ang siyang dumanas, ng lahat ng mayroon kami,, ngunit hindi nagkasala; at naging makasalanan para sa atin, upang matanggap natin ang Kanyang Katuwiran. Tulungan mo kaming mamuhay para kay Hesus ngayon. Sa Kanyang Pangalan kami ay nananalangin, Amen.","Sa pambungad na mga kabanata ng kaniyang ulat sa Ebanghelyo,  si Mateo ay nagtatag ng isang larawan ng pagkakakilanlan ni Hesus.  Sa kabanata 3, muli,  ang ilang nakakagulat na pagpapahayag,  ay ginawa tungkol kay Hesus. 

Nang inilarawan ang ministeryo ni Juan Bautista,  binanggit ni Mateo ang Isaias 40, 'Ito ang sinabi.  Sa pamamagitan ni propeta Isaias: “.  Isang tinig ng isang sumisigaw sa ilang, 'Ihanda mo ang daan,  para sa Panginoon.  Gumawa ka ng mga matuwid na landas,  para sa Kanya. .  "" Si Isaias ay nagsasalita ng isang mensahe ng kaaliwan,  sa mga Israelita,  Ng sila ay ipinatapon sa Babilonya.  Bibigyang wakas ng Diyos ang kanilang kahirapan,  dahil sa kanilang palipatlipat ng lugar.  Siya ay darating mismo,  upang makasama ang Kanyang bayan,  at mamasdan nila ang Kaluwalhatian ng Panginoon.  Ang hindi kapani-paniwalang pagpapahayag ni Mateo,  ay si Juan Bautista ang tinig na iyon.   Na nagpapahayag,  ng pagbabalik ng Panginoon.  Ang tao na itinuro ni Juan,  ang isa na tumupad sa hula ni Isaias,  na ang Diyos Mismo ay darating,  upang makasama ang Kanyang bayan,  at wawakasan,  ang kanilang espirituwal na paghihirap dulot ng paglipatlipat,  ay si Hesus. 

Ngunit pansinin ang direktang patotoo tungkol kay Hesus.  Ito ay mula sa Diyos Ama.  Habang binibinyagan si Hesus,  sabi ni Mateo,  ang Espiritu ng Diyos ay bumaba!  tulad ng isang kalapati sa Kanya.  At isang tinig mula sa langit ang nagsabi,  “Ito ang aking Anak,  na aking minamahal; sa Kanya ako ay lubos na nasisiyahan. ” Ang tagapagtatag ng bawat pangunahing relihiyon sa daigdig ay nagsabi,  ""Naparito ako upang bigyan ka ng impormasyon tungkol sa kung paano makapasok sa langit"".  Ang Kristiyanismo ay gumagawa ng isang mas malawakang pagpapahayag.  Sinasabi nito na si Hesus ay hindi dumating para lamang magbigay sa atin ng impormasyon tungkol sa Diyos.  Si Hesus ay Diyos mismo,  dumating upang gawin para sa atin ang hindi natin magagawa para sa ating sarili.  Ano ang tingin mo ngayon sa pagtrato kay Hesus,  bilang Diyos? ",Diyos Sa Personal,"Mahal na Ama sa Langit, salamat sa kaloob na pamilya at mga kaibigan. Nais namin ngayon, na ipagdasal ang bawat isa sa kanila. Para sa mga nakakakilala sa Iyo, nananalangin kami para sa pag-unlad ng kanilang pananampalataya. Hesus na Mesiyas, tulungan mo kaming maging pampatibay-loob sa kanila sa kanilang Kristiyanong pamumuhay. Tulungan kaming maging mas mabuting suporta, upang makita at paglingkuran sila tulad ng gusto Mo. Nawa'y maging uri tayo ng kapamilya o kaibigan na nag-aangat sa kanila at mangyaring paalalahanan tayo na ipagdasal sila nang madalas. Hesus, Kaibigan ng mga Makasalanan. Tulungan Mo kami sa pamamagitan ng Iyong Pag-ibig na ilapit sa Iyo ang mga hindi pa nakakakilala sa Iyo. Tulungan kaming pumili ng mga salita na angkop, sa kalagayan at pagsilbihan sila sa halip na mangaral lamang sa kanila. Idinadalangin din namin ang mga ulila, at kaibigan o ang mga taong napahiwalay sa relasyon. Tulungan kaming maging maingat sa mga gusto Mong makasama namin. Idinadalangin din namin ang aming mga simbahan, na sila ay maging higit na parang pamilya, sa halip na magkawatak watak sa gawain ng Dios. Sa Pangalan ni Hesus, Amen!",
17/02/2024,no,4:1-25,"Panginoong Hesus, sinabi Mo sa Iyong mga alagad, “Halika, sumunod ka sa akin”. Tulungan akong marinig ang parehong tawag na sundan Ka. Paganahin Mo ako sa pamamagitan ng Iyong Espiritu na unahin at luwalhatiin Ka sa aking trabaho, sa aking mga relasyon,sa aking mga iniisip, sa mga salita, at mga kilos. Gamitin mo ako upang ituro ang iba sa Iyo, upang sila ay magbigay ng kaluwalhatian sa Iyo. Hinihiling ko ito sa Iyong Pangalan. Amen.","Sa Mateo Kabanata 4, makikita natin na tinawag ni Hesus ang Kanyang mga Unang Disipulo. Tinawag niya ang dalawang pangkat ng magkakapatid, sina Pedro at Andres, at Santiago at Juan. Ang lahat ng lalaking ito, ay mangingisda. Pansinin na nang tawagin ni Hesus, sina Pedro at Andres, sinabi Niya, “Halika, sumunod ka sa akin, at susuguin ko kayo upang mangisda ng mga tao”. Sinabi sa atin na kaagad nilang iniwan ang kanilang mga lambat at sumunod sa Kanya.

Ano ang sinasabi nito sa atin? Sinasabi nito sa atin na ang tawag ni Hesus ay nagdudulot ng radikal na pagbabago. Binago nito ang kanilang buhay at may kasamang kabuuang pangako. Kaya dapat ganoon din sa atin. Sa mga tradisyonal na kultura, nakukuha mo ang iyong pagkakakilanlan mula sa iyong pamilya. Iniwan nina Santiago at Juan ang kanilang ama. Ang mga lalaking ito ay inuuna si Hesus kaysa sa kanilang mga pamilya. Sa kulturang pangkanluran tungkol sa pansarile, nakukuha mo, ang iyong pagkakakilanlan mula sa iyong karera. Iniwan ng lahat ng lalaking ito ang kanilang mga lambat, iniwan nila ang kanilang mga kabuhayan. Inuna nila si Hesus kaysa sa kanilang mga trabaho.

Tandaan, hindi pa lubusang kilala ng mga lalaking ito si Hesus. Ngunit may isang bagay tungkol sa Kanya na nagtutulak sa kanila na iwanan ang lahat at sumunod. Ngayon, siyempre, ang pagsunod kay Hesus ay hindi nangangahulugan na iwanan ang ating mga trabaho at pamilya. Ngunit sinabi ni Hesus sa kanila, at sinabi Niya sa atin, “Sumunod kayo sa akin. magbigay ng oras sa akin. Matuto sa akin. Iwanan ang lahat ng iyong iba pang mga prayoridad at gawin akong iyong pinakamataas na hangarin. Pangalawa lamang ang ibang bagay. "" Sa bandang huli, sasabihin ni Hesus sa Kanyang mga disipulo, ""Ang sinu-mang nagnanais na maging alagad ko ay dapat tanggihan ang kanyang sarili, at pasanin ang kanyang krus at sumunod sa akin.""  Sa anong mga paraan mo maririnig, ang Panawagan ni Hesus, at uunahin mo si Hesus ngayon?",Pagtugon Sa Tawag Na Sumunod,"Mahal na Ama sa Langit. Ipinagdarasal namin ang mga may emosyonal na pakikibaka o sakit sa isip. Napagtanto namin na ang pandemya ng COVID, ay nagpapataas ng presyon sa mga nasa lipunan na nahirapan sa lugar na ito. Lalo naming ipinagdarasal ang mga nakababatang henerasyon, na humarap sa mas maraming hamon sa larangang ito. Idinadalangin namin ang mga guro sa paaralan, tagapayo, at mga manggagawa sa simbahan habang hinahangad nilang magpakita ng pagmamahal at pagmamalasakit. Ipinapanalangin namin ang mga doktor, habang naglilingkod sila sa mga nahihirapan. Idinadalangin namin ang sinumang maaaring makaramdam ng kawalan ng pag-asa sa panahong ito. Hesus na Mesiyas, Ikaw lamang ang Aming Pag-asa. Tulungan ang aming mga komunidad ng simbahan na maging mga lugar ng pagpapagaling. Bigyan mo kami ng karunungan upang makapaglingkod sa mga naapektuhan. Lalo naming ipinagdarasal ang mga sangkot sa pagpigil sa pagpapakamatay. Nagdarasal kami sa Pangalan ni Hesus, para sa mga may pag-iisip na magpakamatay. Panginoon, Ikaw ang Tagapagbigay ng Buhay. Ipadama mo ang Iyong Makapangyarihang Presensya sa kanilang buhay, at tulungan kaming maging mga komunidad, na nagpapaabot ng Iyong Pagmamahal sa lahat na may emosyonal na pakikibaka o sakit sa isip. Winawasak namin ang kapangyarihan, ng mga pag-iisip, ng pagpapakamatay. Sa Pangalan ni Hesus, Amen!",
18/02/2024,yes,,N/a,N/a,N/a,"Panginoon, nawa’y ako’y Iyong tulutang 
Maging kasangkapan ng iyong kapayapaan. 
Sa pagkamuhi, nawa’y maitanim ko ang pag-ibig, 
Sa sakit, pagpapatawad, 
Sa duda, pananalig, 
Sa hapis, pag-asa 
Sa karimlan, liwanag, 
Sa kalungkutan, saya. 

O Mabathalang Poon, nawa’y di ko hangarin 
Ang mamanatag kaysa ang magpanatag, 
Ang maintindihan kaysa ang umintindi, 
Ang mahalin kaysa ang magmahal.

Sapagkat nasa pagbibigay ang mabigyan, 
Nasa pagpapatawad ang mapatawad, 
At nasa kamatayan ang buhay na walang hanggan. 
Sa Pangalan ni Hesus, Amen. 
(Panalangin ni San Francisco de Asis)
",https://youtu.be/ke4Faspz2RU 
19/02/2024,no,5:1-26,"Mapagmahal na Diyos at Ama sa Langit, itinuro ng Inyong Anak na si Hesus sa Kanyang mga Disipulo, kung ano ang ibig sabihin ng hanapin ang Kaharian ng Langit. Tulungan mo akong huwag mabuhay para sa makalupang kaharian na ito na unti unting nawawasak at kumukupas, at hindi maibibigay ang kayang ibigay ng Iyong Anak lamang. Tulungan mo akong mailuklok si Hesus sa aking puso ngayon. Hayaan Mo na maramdaman ko ang Kanyang Presensya at dakilain ang Kanyang Pangalan, Amen.","Ano ang hitsura ng 'magandang buhay' para sa iyo? Marahil ito ay ang pagkamit ng mga layunin sa karera, pagkakasundo sa ilang mga relasyon, kalayaan sa pananalapi, makabuluhang mga nagawa, kasiya-siyang karanasan sa paglalakbay, at iba pa. Itinuro ni Hesus ang tungkol sa mabuting buhay. Ngunit para sa Kanya, ang pamumuhay ng magandang buhay ay hindi tungkol sa mga tagumpay sa karera o pamamahala sa pamumuhay. Nagbigay Siya ng magandang larawan kung ano ang hitsura ng pagsunod sa Kanya sa Sermon sa Bundok, na matatagpuan sa Mateo 5-7.

Habang tinitingnan mo ang sermon na ito nang mas malapit, maaari mong makita na nakakaharap ito sa iyong mga inaasahan. Higit pa sa pagbibigay sa atin ng mga palatuntunin ng moral na pag-uugali, hinihiling nito sa atin na gawin ang tila imposible. Sinabi ni Hesus ang mga bagay tulad ng kung ikaw ay galit sa isang tao, ikaw ay sasailalim sa paghatol; kung ang iyong mata ay nagiging sanhi ng iyong pagnanasa, dukitin mo; dapat mong ibigin ang iyong mga kaaway at ipanalangin ang mga umuusig sa iyo.

Hinihiling sa atin ni Hesus na mamuhay sa isang buhay na tila higit sa mga kakayahan ng pinakamahuhusay na tao. Siya ay hindi lamang nababahala sa panlabas na katuwiran, kundi sa panloob na katuwiran; tamang pag-uugali, at tamang karakter. Sa Kanyang Kaharian, dapat walang magtanong, “Gaano ako kalapit sa kasalanan nang hindi nagkasala?” Sa Kanyang Kaharian, mahalaga ang motibo gaya ng pagkilos.

Inilalarawan ni Hesus ang isang katuwiran na posible lamang sa pamamagitan ng isang nagbagong puso. Gaya ng sinabi ng isang may-akda, “Ipinapakita sa atin ng Sermon kung ano dapat ang hitsura ng buhay para sa isang pusong natunaw at binago ng Ebanghelyo ng Biyaya, habang nililinaw din ang tunay na katangian ng Mga Pamantayan ng Katuwiran ng Diyos—matataas na pamantayan, na nangangahulugang ang ating tamang katayuan sa Diyos ay nakasalalay sa Biyaya ng Isa na nagsasabi sa atin tungkol sa kanila.”",Ang pinakadakilang sermon sa kasaysayan,"Mahal na Ama sa Langit.  ipinagdarasal namin ngayon ang aming sarili sa mga tukso sa aming buhay. Kinikilala namin na hindi kami ligtas sa mga ito, at kinikilala namin ang kapangyarihan ng mundo ng laman, at ng diyablo. Tulungan kaming maranasan, ang Kapangyarihan ng Dugo ni Kristo sa mga bahaging ito ng aming buhay. Tulungan mo kaming hindi maging mayabang sa aspetong ito ngunit kilalanin, Hesus Na Mesiyas, na Ikaw lamang ang nakakaalam ng kasaysayan tungkol dito. Ituro sa amin ang kapangyarihan ng pag-iwas mula sa tukso, at huwag ilagay ang aming sarili sa mga posisyon kung saan kami ay madaling mahulog dito. Tulungan kaming ibahagi sa aming mga kapatid na Kristiyano, o pinuno ng simbahan ang anumang partikular na pakikibaka, na maaaring paulit-ulit naming nararanasan. Dalangin namin na sa pamamagitan ng Kapangyarihan ng Iyong Espirito, kami ay maging isang, mananagumpay. Kasabay nito, mangyaring gamitin Mo kami, upang tulungan ang iba maging tagumpay dahil sa napanalunan ni Hesus, sa krus para sa atin. Huwag mo kaming ihatid sa tukso, kundi iligtas mo kami sa masama. Iyo ang Kaharian, ang Kapangyarihan at ang Kaluwalhatian. Sa Pangalan ni Hesus, Amen!!!",
20/02/2024,no,5:27-48,"Ama sa Langit, pinupuri Ka namin sa kapangyarihan ng Ebanghelyo, na tunay na nagbabago sa aming buhay mula sa loob palabas. Dalangin namin na sa Iyong Biyaya, tulungan Mo kaming maging higit na katulad ni Hesus, sa aming mga salita, sa aming mga saloobin at motibo, sa aming mga relasyon, at sa aming mga aksyon at pamumuhay, sa papuri sa Iyong kaluwalhatian. Sa maawaing pangalan ng Iyong Anak, kami ay nananalangin. Amen","Ang pagsunod kay Hesus at pagtanggap sa Kanyang Pagkahari, ay may tunay na implikasyon sa ating buhay.  Ang paraan ng pamumuhay ni Hesus ay ganap na salungat sa lahat ng iba pa,  maging sekular na tulong sa sarili o relihiyosong makasarili,  dahil - gaya ng itinuro sa atin ng mga Katuruan Tungkol Sa Mapapalad - kung sino si Hesus at kung ano ang patakaran sa Kanyang kaharian,  ay binabaligtad ang lahat.  Kapag nakita natin si Hesus kung sino Siya,  at nakatagpo natin ang Kanyang kamangha-manghang biyaya,  malalaman natin na ang Kanyang biyaya, ay hindi lamang nagliligtas sa atin, at nagpapatawad sa atin, ngunit binibigyan din tayo ng kapangyarihan na mamuhay, ng kakaiba, kumpara sa dati nating pamumuhay.  Ang Paghahari at Biyaya ni Hesus, ay tumatawag sa atin na hindi na mamuhay, para sa ating sarili, kundi upang mabuhay, para sa Kanya, at para sa iba.  Ang Paghahari at Biyaya ni Hesus ay ginagawang mga pagkakataon. Ang ating mga hinahangad, (talata 27 hanggang 30),  ang ating mga relasyon, (talata  31 hanggang 32), ang ating mga salita at pangako, (talata 33 hanggang 37). Maging ang ating mga sakit,  paghihirap sa relasyon,  at personal na pagsalungat, (talata 38 hanggang 48), ating puso at mahalin at paglingkuran ang iba.  Dahil ligtas tayo sa Biyaya ni Kristo at sa Pag-ibig ng Ama at sa Pakikisama ng Espirito.  Hindi na natin kailangang maging ‘tagatanggap’,  bagkus maaari na tayong maging ‘tagapagbigay’; yaong nagmamahal nang may kagandahang-loob, at magiliw, maging sa mga hindi karapatdapat. ",Pamumuhay kasama si Hesus bilang Hari,"Mahal na Ama sa Langit, nananalangin kami para sa mga pastor at pinuno sa lahat ng dako. Kinikilala namin na ito ay isang pagtawag mula sa Iyo, at hindi ito madali. Ipinapanalangin namin ang kanilang indibidwal na espirituwal na buhay. Para sa disiplina sa panalangin, pakikinig sa Iyong Salita, at regular na oras sa Iyong Presensya upang magmuni-muni, at tumanggap ng mga direksyon para sa hinaharap. Idinadalangin namin ang kanilang mga pamilya, na kadalasan ang mga taong higit na nagdurusa, habang hinahangad nilang maglingkod sa Iyo. Nagdarasal din kami para sa regular na Araw ng pahinga, at pahinga mula sa pagkakaroon ng tungkulin 24/7. Tulungan kaming suportahan ang aming mga pastor, at pinuno sa pamamagitan ng regular na panalangin, mga salita ng pampatibay-loob, at praktikal na tulong. Ipinagdarasal namin ang mga nakakaramdam ng panghihina, at iniisip pa ngang bumaba sa pwesto. Dalangin namin na mahikayat silang malaman, na ginagawa nila ang Iyong Kalooban. Hesus na Mesiyas, punuin muli ang aming mga pastor, at pinuno ng Iyong Mahal Na Espirito Santo, at ihanda sila para sa gawaing inihanda Mo para sa kanila. Nawa'y hindi sila mahiya na magtalaga ng mga trabaho nang hindi nakokonsensya. Nawa'y bigyan Mo sila ng biyaya, pinansyal, at espirituwal. Ang aming dalangin. Sa Pangalan ni Hesus, Amen!",
21/02/2024,no,6:1-18,"Ama sa Langit, pinupuri Ka namin para sa Ebanghelyo na may kapangyarihang baguhin kami mula sa loob, kung saan ang aming mga sakit, paghihirap ay nagiging pagkakataon upang suriin ang aming mga puso, at sa kabilang banda, mahalin at paglingkuran ang iba.  Sa pamamagitan ng Iyong Pag ibig at Biyaya at Pakikisama sa Espiritu, tulungan mo kaming maging higit na katulad ni Hesus sa salita at kilos;sa mga taong nagmamahal nang may kagandahang loob at magarbo.  Dalangin namin ito sa papuri ng Iyong Kaluwalhatian.  Sa Pangalan ni Hesus, Amen!","Alam at dama ng bawat Kristiyano ang tukso na magpanggap na tayo ay mas matuwid, mas tulad ng kay Kristo, mas kapuri-puri, at kagalang-galang kaysa sa tunay natin. Ginagawa natin ito sa ating relasyon sa iba, ( talata 1 hanggang 4 ), at – sa kalokohan. Sinisikap nating gawin ito sa ating relasyon sa Diyos, ( talata 1 hanggang 15 ). Ang Biyaya ni Kristo lamang, ang bubuwag sa ating pangangailangang magpanggap, at nag-aanyaya sa atin na tunay at tapat na lumapit sa Diyos. Sinasabi sa atin ng Ebanghelyo na hindi tayo kahanga-hanga o kagalang-galang, gaya ng iniisip natin; para sumuko na tayo sa pagkukunwari. Ngunit sinasabi rin sa atin ng Ebanghelyo, na mayroon tayong kamangha-manghang mapagbiyayang Ama, ( nabanggit ng 10 beses! ), na mabait at mapagbigay ngunit makapangyarihan din at tunay na karapat-dapat purihin ( talata 9 ), at inaanyayahan Niya tayong lumapit at makilala Siya, at magkaroon ng tunay na pakikisama. Kasama siya. Sa Panalangin ng Panginoon.  Hinihikayat tayong manalangin, batay sa kung sino ang Diyos ( talata 9 ), at kung ano ang ating tunay na mga pangangailangan ( talata sampu hanggang 13 ), alam na mahal Niya tayo, alam ang ating mga pangangailangan ( talata 8 ), at gustong magbigay ng pagpapala sa mga taong tunay na nagsasaliksik sa Kanya, ( ta-lata 3, 6, 18 ).",Mamumuhay nang totoo sa harap ng Isang lubos na nakakakilala sa atin,"Mahal na Ama sa Langit, nagpapasalamat kami sa Iyo, sa pagtaguyod sa amin sa pandemya na nakaapekto sa mga bansa, simbahan, komunidad, at hindi ma-bilang na indibidwal. Patuloy kaming nananalangin para sa mga nagpapagaling pa, mula sa epekto ng pandemya ng COVID 19, na ibalik Mo ang kanilang kalusugan, at kayamanan. Para sa mga may sakit sa katawan, idinadalangin namin na ganap na pagalingin ng Diyos Na Manggagamot ang lahat ng mga may sakit at protektahan mo sila sa Dugo ni Kristo. Idinadalangin namin, lalo na ang mga taong naapektuhan ang pag-uugali, at pag-iisip ng mga pangyayari nitong mga nakaraang taon. Na sila ay makatagpo ng kapayapaan, kagalakan, at katuparan sa Pag-ibig ni Kristo. Nawa'y ang Iyong simbahan ay tumayong nagkakaisa, at maging tanglaw ng pag-asa at pag-ibig, sa aming pagtulong sa kanila, upang matugunan ang mga pangangailangan ng mga komunidad. Protektahan mo kami, aming Ama, sa lahat ng uri ng sakit at kahinaan, upang sa aming kalusugan ay matupad namin ang Iyong panawagan sa aming buhay, at maging isang pagpapala sa mga nakapaligid sa amin. Habang kami ay nananalangin at naghahanap sa Iyo, aming Ama, nawa'y pakinggan Mo mula sa langit, at patawarin ang aming mga kasalanan, at pagalingin ang aming lupain. ( 2 Kronica Kabanata 7:14 ). Sa Pangalan ni Hesus........ Amen!",
22/02/2024,no,6:19-34,"Ama naming nasa Langit, hindi mo ba ako matutulungan na makita kung ano ang pinakagusto at pinagkakatiwalaan ko? Ipakita mo sa akin kung ano talaga ang relasyon ko sa pera. Ibinibigay ko sa Iyo ang aking buhay pinansyal, hinihiling ko sa Iyo na maging Panginoon at Hari sa aking puso at sa aking pananalapi. At tulungan mo akong huwag mag-alala kundi maging kahanga-hangang bukas-palad, tulad ng naranasan ko ang Iyong kahanga-hangang pagkabukas-palad sa akin. Sa mahalagang pangalan ng Iyong Anak kami ay nananalangin. Amen!","Sa maraming lugar sa buong mundo, kabilang ang HongKong,  Singapore, Malaysia at iba pang mga bansa, mayroon tayong walang sawang pagmamahal sa pera. Hinahayaan natin itong pumalit, sa lugar ng Diyos sa ating mga puso, at umasa dito para sa ating seguridad, at magkaroon ng kontrol sa ating buhay.  Gayunpaman, ipinaalala sa atin ni Hesus na ang Diyos lamang, ang tunay na may kontrol, at sa Kanya lamang tayo tunay na ligtas at hindi nanganganib. Kapag natutunan nating tunay na pahalagahan si Hesus ( talata 19 hanggang 24), Siya ay nagiging pinakakahanga-hanga at mahalagang bahagi ng ating buhay, upang tayo ay magkaroon, ng isang malusog na relasyon sa kayamanan. Hindi labis na pagtitiwala dito o pag-aalala tungkol sa kung tayo'y magkaka-roon ng sapat.

Sa huli ang tanong na itinatanong sa atin ni Hesus,: “Sino ang higit na mapagkakatiwalaan? Sino ang tunay na makapagbibigay sa iyo, upang iligtas ka, at dalhin ka sa walang hanggang kayamanan?”. Siya ba na nagsakripisyo sa krus para sa iyo, o ang iyong kayamanan? Ginagamit ni Hesus ang isang bagay na kumukuha ng ating pansin, upang ipakita sa atin, na Siya ay higit na nararapat sa ating pagmamahal, at pagtitiwala, kaysa anu-paman.",Kung paano tayo naging mangman dahil sa pera at naging matalino dahil sa pananampalataya,"Diyos ko! Paano ka namin pasasalamatan para sa aming mga magulang! Sa pamamagitan ng kanilang pagmamahal, at sakripisyo, kami ay pinalaki nila. Sa pamamagitan ng kanilang pagtuturo, at paggabay ay hindi kami naligaw. Aming Ama, hinahangad namin na alalahanin Mo ang kanilang mga nagawa at pagpalain Mo ang kanilang relasyon sa Iyo upang sila ay maligtas, at mabiyayaan ng Iyong kaligtasan. Sa kanilang pag-angkin ng tagumpay sa pamamagitan Mo Panginoong Hesus, maaari silang bigyan ng kapangyarihan upang maging matatag. Nawa ay protektahan Mo Panginoon ang kanilang mga pagsisikap upang ang kanilang gawain ay hindi mawalan ng kabuluhan. Pagpalain Mo Panginoon, ang aming mga magulang ng mabuting kalusugan, at protektahan sila laban sa anumang pinsala, at lahat ng uri ng pag-atake ni satanas. Panalangin namin na pagpalain Mo ang aming mga magulang na makita ang kanilang mga apo, na nagsasaliksik sa Iyo, at nawa'y maranasan ang Iyong biyaya sa lahat ng henerasyon. Sa Pangalan ni Hesus, kami ay nananalangin, Amen!",
23/02/2024,no,7:1-29,"Ama naming nasa langit, tulungan mo akong makita ang sarili kong kasalanan at kabiguan, ngunit gayundin ang iyong masaganang kabutihan at biyaya, at samakatuwid ay magtiwala sa iyo at sa iyong Anak, at piliin na mamuhay nang buong puso para kay Kristo na aking Panginoon at Hari. Ipinagtatapat ko na madalas akong nabubuhay para sa aking sarili, tulungan akong mabuhay para sa iyo at itayo ang aking buhay sa iyo at sa iyong mga salita. Sa magiliw na pangalan ng iyong Anak kami ay nananalangin. Amen!","Hinihiling sa atin ni Hesus na magkaroon ng kamalayan, sa tatlong bagay: Una, mapagpakumbaba na magkaroon ng kamalayan, sa ating sariling mga kasalanan, at pagkukulang. Napakadaling palakihin ang mga pagkakamali ng iba, habang pinapaliit ang sarili natin. Binigyan tayo ni Hesus ng tamang pananaw ( talata 1 hanggang 6 ). Pangalawa, hinihiling sa atin ni Hesus, na magkaroon ng kamalayan kung sino ang Diyos Ama. Siya ay isang mabuti at mapagbiyayang Ama, na nagmamahal sa Kanyang mga anak, at gustong ibigay sa atin ang lahat ng kailangan natin ( hindi lahat ng ating kagustuhan ), para sa buhay at kabanalan, ( talata 7 hanggang 11 ). Sa wakas, nais ni Hesus na makita natin ang dobleng katangian, ng pagsunod sa Kanya: Sa mga talata 13 hanggang 27, binibigyan tayo ni Hesus ng maraming halimbawa, kung saan mayroon tayong dalawang pagpipilian: dalawang landas, dalawang uri ng puno, at dalawang pundasyon, kung saan itatayo ang ating buhay. Dahil ang ating kasalanan ay totoo, at ang ating makalangit na Ama ay mabuti at mapagbigay, dapat tayong gumawa ng matapang at malinaw na desisyon na sundin si Hesus. Hindi natin maaaring sundin si Hesus ng kalahating puso, hindi tayo maaaring maging isang paa sa Kanyang Kaharian at isang paa sa labas. Hindi natin maaaring hilingin kay Hesus, na maging Hari sa ilang pagkakataon, at hindi sa iba. Hindi tayo maaaring maglakad sa magkabilang landas. Hindi natin maitatayo ang ating buhay sa dalawang pundasyon. Tinatawag tayo ni Hesus na kilalanin Siya nang malalim, at personal, ( talata 21 hanggang 23 ), ibigin Siya, at sundin Siya nang buong puso bilang Panginoon at Hari.",Pagpili kay Hesus,"Aming Diyos, ang Ama ng mga ulila, ang tagapagtanggol ng mga balo, ay Diyos sa Kanyang Banal na Tahanan. Nakikita mo ang hirap ng nagdadalamhati; Isinasaalang-alang mo ang kanilang kalungkutan, at Kamay Mo ang mismong kumikilos. Ipinagkatiwala ng mga biktima, ang kanilang sarili sa Iyo. Ang mga walang ama ay lumilingon sa paligid, at nakikita ang maraming pamilyang may mga magulang, at nagtatanong, “bakit ako”? Kahit na wala kaming mga sagot, Panginoon, hayaan Mo silang makita Ka, na ang bawat isa ay makikilala Ka, at magtiwala sa Iyo bilang kanilang Ama. Ipakita Mo sa amin kung paano ipakilala si Kristo, at mahalin sila sa paraang kailangan nila. Ituro sa amin kung paano namin matutulungan ang mga ulila, mga Bahay ampunan ng mga bata, at mga nasa ilalim ng pang-aabuso. Panginoon, ihayag mo ang iyong sarili sa kanila, habang tinatanggap namin sila bilang aming pamilya, at nagpapakita ng pagmamahal sa kanila. Dalangin namin na ang maamong mga paningin, mga salita at ngiti na nagpapalakas, malumanay na kataga, munting pagbabahagi, pagsambit sa pangalan ng bawat isa, ay tumimo ng malalim sa kanilang mga puso upang malaman na mahalaga sila, at mahal namin sila. Panginoon, ikaw ay tapat at mabuti sa mga ulila, dinirinig mo ang kanilang mga dasal at panalangin at sinasagot mo sila. Mangyaring pagalingin ang kanilang mga puso, at tulungan silang mahanap ang kanilang pagkakakilanlan at layunin kay Kristo. Sa pangalan ni Hesus, Amen!",
24/02/2024,no,8:1-34,"Ama naming nasa Langit, ipinagtatapat ko na hindi kita kilala o nakikita kung sino Ka, ni hindi ko pinahahalagahan ang kadakilaan ng Iyong Anak. Tulungan Mo akong makita Ka at makilala Ka, mamangha sa Iyo at magpakumbaba sa Iyo. Higit pa riyan, tulungan mo akong magtiwala sa Iyo at mamuhay sa pamamagitan ng pananampalataya, anuman ang halaga nito. Sa makapangyarihang pangalan ng Iyong Anak kami ay nananalangin. Amen!","Dahil ipinakita sa atin ang kamangha-manghang turo ni Hesus, ( talata 5 hanggang 7 ), ipinakita na ngayon sa atin ni Mateo ang kamangha-manghang kapangyarihan, at awtoridad ni Hesus, ( Mateo kabanata  8 Talata 1 hanggang 34). Ang punto ng Mateo 8 ay si Hesus ang tunay na Diyos, at may pinakamataas na awtoridad sa lahat ng bagay. Si Hesus ay may pinakamataas na awtoridad, at kapangyarihan laban sa karam-daman (talata 1 hanggang  13), sa paglikha at kalikasan ( talata 23 hanggang 27 ), at maging sa mga demonyo, pamunuan, at kapangyarihan, ( talata 28 hanggang 34 ). Walang anuman sa lahat ng nilikha na hindi napapailalim sa Kanyang banal na awtoridad at kapangyarihan. Ngunit ang kapangyarihang ito ay hindi raw kapangyarihan na tulad ng makamundo; ito ay maamo. Tinulungan nito ang isang maruming ketongin at binigyan ng lunas. Isinasapanganib ni Hesus ang panlipunan, at panrelihiyong na may maling paniniwala at kahihiyan upang magdala ng kagalingan at kabuoan sa isang taong itinakwil ng lipunan at simbahan. At ang mapagbiyayang kapangyarihang ito, ang maamo na awtoridad na ito ang tumatawag sa atin na magtiwala sa Kanya, na magkaroon ng malalim at personal na pananampalataya sa Kanya ( talata 5 hanggang 13), pananampalataya na sasakupin pa ang halaga ng pagsunod sa Kanya ( talata 18 hanggang 22). Ang pag-alam kung sino si Hesus – ang Makapangyarihan  at Mapagmahal na Panginoon ng lahat – ang susi sa pagkakaroon ng tunay na tunaa pananampalataya, ang uri ng pananampalataya na nakalulugod sa Diyos ( talata 10 hanggang 12) . Kilala ba talaga natin Siya? O nasanay na ba tayo sa mga karikatura Niya? Siya ay maluwalhati at makapangyarihan, kahanga-hanga at mabait. Magtiwala tayo sa Kanya. ",Ang Maamong Kapangyarihan ng Isang Mapagbiyayang Diyos,"""Sapagka't hindi ninyo tinanggap ang espirito ng pagkaalipin, upang matakot, ngunit tinanggap ninyo ang Espirito ng Pag-ampon, bilang mga anak, na sa pamamagitan niya ay sumisigaw tayo, ""Abba Ama!!!"""" Ang Espiri-to Santo mismo, ay nagpapatotoo, at ang ating espiri-to, na tayo ay mga anak ng Diyos. Pagkatapos ay mga tagapagmana ng Diyos, at mga kapwa tagapag-mana ni Kristo, kapag tayo ay handang magdusa na kasama Niya, upang tayo ay luwalhatiin din na kasama Niya. Ang ating mundo, ay punongpuno ng di pangkaraniwang mga pormasyon ng mga pamilya. Ang uri ng pamilya, na may mga magulang na nagpapalaki ng mga anak na ayon sa kanilang pananampalataya, ay tuloy tuloy pa rin, ngunit kasama ng mga pamilyang ito, ang maranasan ang mga hindi inaasahang pangyayari. Kami ay nagpapasalamat sa mga ahensya, na sumusuporta sa pagbibigay daan ng pag-aampon, sa pamamagitan ng mga taga suporta at mga kasamba-hay, na nagtatag ng espesyal na ministeryo upang hindi lamang hikayatin ang pananampalataya ngunit ipakilala din sa mga bata na dumanas ng trauma mula sa kanilang mga sitwasyon. Sa ganitong paraan, ipinapakita nila ang pag-ibig ng ating Ama sa Langit na binigyan ng kapangyarihan ng Banal na Espirito, na kumupkop sa ating lahat, na espirituwal na ulilang mga anak Niya, at nagpalakas sa atin, sa pamamagitan ng pag-aalaga sa atin, sa ating paglalakbay sa pagtuklas kay Hesus. Nawa ay mas maraming tao ang manalangin at sumuporta, sa isang lokal na ahensya ng pag-aampon, o isaalang-alang ang pagiging isang taga suporta at magtiwala sa Banal na Espirito, para sa biyaya na baguhin, ang kapalaran ng isang bata. Sa pangalan ni Hesus, Amen!",
25/02/2024,yes,,n/a,n/a,n/a,"Ama namin, 
sumasalangit Ka
Sambahin 
ang ngalan Mo
Mapasaamin 
ang kaharian Mo
Sundin ang loob Mo
Dito sa lupa, 
para nang sa langit.
Bigyan Mo kami ngayon 
ng aming kakanin sa araw-araw.
At patawarin Mo 
ang aming mga sala,
Para ng pagpapatawad namin
Sa mga nagkakasala sa amin.
At huwag Mo kaming ipahintulot 
sa tukso,
At iadya Mo kami 
sa lahat ng masama","https://youtu.be/8-slRCyRFvc "
26/02/2024,no,9:1-38,"Panginoong Hesus, salamat sa pagpunta Mo sa gitna ng mga nahihirapan at walang magawa. Ikaw ay nagpagaling ayon sa Iyong kalooban at nagbigay ng tulong sa maraming tao. Nagtawag ka pa nga ng mga tao upang sumunod sa Iyo at maging mga alagad Mo, upang malaman at matupad ang Ebanghelyo, at upang makita ng marami ang kaluwalhatian ng Diyos. Oh Panginoon, handa akong sumunod sa Iyo. Sa Pangalan ni Hesus, Amen!","Pinaga-ling ni Hesus ang paralitiko, ang anak ng pinuno! ang babaeng dinu-dugo! dalawang bulag na lalaki at isang pi-pi. Tinawag din Niya si Mateo, upang maging Kanyang disi-pulo! Ang mga turo at kilos ni Hesus, ay ibang-iba sa mga guro ng kautu-san noong panahong iyon, kaya't nagkaroon ng maraming kritisismo. Bakit naiiba si Hesus sa iba? Ito ay dahil si Hesu-Kristo ang Mesiyas, na hinihintay ng mga Israelita, , kaya't Siya ay nagpunta sa bawat lungsod at bawat nayon upang sabihin sa mga tao na huwag gamitin ang kanilang makalu-mang pag-iisip upang maunawaan ang kalooban at mga aksyon ng Diyos, sapagkat ginawa ni Kristo ang lahat. mga bagay na bago. Nais ni Hesus na magdala sa bawat isa sa atin ng bagong buhay at bagong pamumuhay. Sa paniniwala kay Kristo, ang isang Kristiyano ay dapat magbago sa kanyang pag-iisip at pananaw. Kung hindi, Ito ay tulad ng paglalagay ng bagong alak, sa mga lumang sisidlang balat at kapuwa ang alak at ang mga balat ay masisira. Kaya naman, ang mga Kristiyano, pagkatapos na manampalataya kay Kristo, ay dapat manguna sa isang bagong pamumuhay sa pagiging katulad ni Kristo. Ngayon, ikaw ay isang Kristiyano, may mga pagbabago ba sa iyong buhay at pamumuhay? Anong mga pagbabago ang mga ito? Kung hindi, ano ang dahilan? Ano pa ba ang hindi na mababago?","Bagong Damit, Bagong Alak at Bagong Tao","Ama sa Langit, umalapit kami sa Iyo ngayon sa walang ibang pangalan, kundi ang Pangalan ni Hesu-Kristo, ang aming Panginoon at Tagapagligtas. Nais naming ipagdasal ang mga walang tirahan at nangangailangan. Hinihiling namin sa Iyo na ipadala ang Iyong mga Banal na Anghel sa buhay ng mga nangangailangan at walang tirahan, at lalo na sa mga nakakasalamuha namin. Ipadala ang Iyong mga Banal na Anghel upang maglingkod, upang labanan ang mga espirituwal na kaaway na dumarating laban sa kanila at bantayan sila. Hinihiling din namin sa Iyo, aming Ama, na magpadala ka ng mga tao at mga mananampalataya, sa buhay ng mga mahahalagang kaluluwang ito. Panginoong Diyos, magpadala ka ng mabubuting tao sa kanilang buhay para mahalin sila, tulungan sila, ibahagi kung ano ang mayroon kami, at ibahagi ang mensahe ng katotohanan, ang Ebanghelyo ni Jesucristo. Sinasalita namin ang dugo ni Hesus para sa mga walang tahanan at nangangailangan. Wala kang magagawa, Diyos. Isinusuko namin ang mga nangangailangan, ang mga walang tahanan sa Iyong mga kamay at alam namin na mahal Mo sila, dahil namatay Ka para sa mga walang tahanan at nangangailangan din. Sa Pangalan ni Hesus, kami ay humihiling at nananalangin...... Amen!",
27/02/2024,no,10:1-23,"Oh Ama sa Langit, nawa ay akayin Mo kami na gumawa ng mga epektibong estratehiya para sa pag eebanghelyo, upang mas marami pa tayong matulungan. Hinihiling namin na bigyan Mo kami ng puso na mag alaga sa isa't isa. Nawa'y mapuspos ng kagalakan ang mga hindi pa tumatanggap sa Iyong kaligtasan kapag sila ay nasa Iyong simbahan, at upang gumawa ng desisyon para kay Kristo. Hayaan silang maantig upang magpatuloy sa paghihikayat ng isang buhay sa simbahan, at maging isang disipulo ayon sa turo ng Iyong Salita. Sa Pangalan ni Hesus, Amen!","Nilibot ni Hesus ang lahat ng mga lungsod at lugar.  Nang makita Niya ang sinu-mang nahihirapan at walang magawa, tumulong Siya. Isinugo din ni Hesus ang labindalawa. Binigyan Niya sila ng awtoridad at hiniling sa kanila na ibahagi ang Ebanghelyo. Pinaalalahanan sila ni Hesus na ang kanilang paglalakbay ay mapupuno. ng kahirapan, sila ay itatakwil ng mga tao, kasama na ang kanilang mga kapamilya. Gayunpaman, hinimok sila ni Hesus na huwag matakot, , dahil bibigyan sila ng Banal na Espiritu ng lakas at karunungan. Tuturuan din Niya sila kung paano tumu-gon sa mga hadlang at pag-atake. Gayunpaman, bakit inutusan ni Hesus ang mga disipulo na ibahagi lamang ang Ebanghelyo sa mga Hudyo, at huwag pumasok sa mga bayan ng mga Hentil, at Samaritano? Ito ang diskarte ni Hesus sa pagbabahagi ng Ebanghelyo. Habang inaabangan ng mga Hudyo ang pagdating ng Mesiyas, ang katotohanan na si Hesus ang Mesiyas ay mabuting balita sa kanila, kaya lubos nilang naunawaan ang kahalagahan. Ngayon, dapat muna tayong magkaroon ng mga estratehiya para sa evangelism, upang makuha natin ang dobleng resulta sa kalahati ng pagsisikap. Ang labindalawang disipulo ni Kristo ay lumahok sa kilusang ito. Marami pa bang naglilingkod ngayon sa Simbahan? Anong mga diskarte ang mayroon tayo?",Ang mga Alagad ni Hesus,"Mahal na Ama sa Langit, ....... ang Iyong pangalan ay Ba-nal! Kami ay naka-ta-yo sa harapan ng Iyong Presensya. Batid na Ikaw ang aming Tagapagbigay. Idinadalangin namin ang mga nahihirapan sa panana-la-pi, na paglaanan Mo sila. Nawa'y magkaroon sila ng kabuhayan na kailangan nila para sa kanilang pang-araw-araw na buhay at makita nila ang Iyong Kasaganaan sa biyaya at kagandahang loob . Paunlarin ang mga gawa ng kanilang mga kamay, at nawa'y palibutan sila ng Iyong Pabor bilang kanilang liwanag  at kalasag. Dalangin namin na aliwin Mo sila, biyayaan Mo sila, protektahan sila, at maging mapagbigay sa kanila. Ang lahat ng kapurihan, karangalan, at pasasalamat ay sa Iyo. Mangyari nawa ang Iyong Kalooban dito sa lupa gaya ng sa langit, sa Pangalan ni Hesus......  Amen!",
28/02/2024,no,10:24-42,"O Ama sa Langit, turuan Mo akong isabuhay ang pag-ibig ni Kristo. Huwag akong mainggit, huwag magyabang sa sarili, huwag maging mayabang, huwag ikahiya ang Ebanghelyo, huwag maging makasarili, hindi magagalitin at hindi magalit, kundi tiisin ang lahat ng bagay, upang maniwala sa lahat ng bagay, upang umasa sa lahat ng bagay at upang tiisin ang lahat ng bagay. Oh Panginoon, hayaan mo akong maging isang embahador ng kapayapaan, upang makipagkasundo ang mga tao sa Iyo. Sa Pangalan ni Hesus, Amen!","Hinikayat ni Hesus ang mga disipulo na huwag matakot sa mga pag atake, ngunit maging matapang na saksi para kay Hesus, at mahalin Siya nang higit sa anupaman, kabilang ang kanilang sariling mga kapamilya. Pinaalalahanan ni Hesus ang mga alagad, ngayong mayroon na silang marangal na pagkakakilanlan, ang mga tumatanggap sa kanila ay gagantimpalaan ng Diyos. Gayunpaman, bakit sinabi ni Hesus na hindi Siya naparito upang magdala ng kapayapaan kundi isang tabak, at ang mga disipulo ay dapat na lumayo sa kanilang pamilya, at hindi dapat mahalin ang kanilang mga magulang at mga anak? Ito ay talagang nakakagulat! Dahil sa pagbaluktot ng kasalanan, ang mga tao ay gagamit ng mga pamamaraan na kapaki-pakinabang sa sarili upang magsumikap para sa kapayapaan, upang makipagkapwa-tao sa kapwa at makisama sa mga miyembro ng kanilang pamilya. Si Hesus ay nababahala sa lahat ng mga bagay na ito, kaya't itinuro Niya sa atin na mahalin Siya nang higit sa lahat ng mga bagay na ito, upang makamit natin ang mga layuning ito. Sa paggawa lamang nito, mauunawaan natin kung ano ang pag-ibig, at kung paano magmahal. Ang pagmamahal kay Hesus nang higit sa lahat ay ang daan tungo sa kapayapaan, ang landas tungo sa pagkakasundo at upang maranasan ang kaligayahan sa pamilya.",Pagmamahal kay Hesus Higit sa Anuman,"Mahal na Ama sa Langit, sambahin ang Iyong Pangalan, dumating ang Iyong Kaharian, mangyari ang Iyong Kalooban, sa lupa gaya ng sa langit. Amen! Panginoon, napakalaking benepisyo na lumapit sa Iyo upang manalangin para sa isa't isa. Talagang mapalad kami. Panginoon, nais naming itaguyod, ang ilang mga espesyal na tao sa aming komunidad. Nais naming yakapin ng Iyong Biyaya ang lahat; nawa'y walang makalig-taan, dahil iyon ang Iyong Plano at Layunin. Diyos, nais naming itaas ang mga matatanda, ang mga balo sa Iyong mga Kamay. Ama, hinihiling namin na ilabas Mo ang Iyong Banal na Espiritu sa aming mahal na mga kapatid. Nagsusumamo kami sa Pangalan ni Hesus para sa kanila; papanumbalikin ang kanilang puso at isipan at palakasin din ang kanilang mga katawan. Panginoon, walang bagay na hindi Mo alam. Kami ay buong-pusong nagpakumbaba na humihiling, mangyaring tingnan ang kanilang dalangin, dahil sa pamamagitan lamang ng Kapangyarihan ng Iyong Banal na Espirito, sila ay makakatanggap ng kaaliwan, lakas, galak at kapayapaan mula sa itaas. Bantayan ang lahat ng kanilang mga pangangailangan. Diyos, naniniwala kami na sila rin ay magiging asin at liwanag sa kanilang mga tahanan. Ama, mahal namin ang mga mahalagang taong ito at idinadalangin namin na ang Iyong Mapagmahal na Biyaya ay sumagana sa kanila sa lahat ng araw ng kanilang buhay. Salamat, aming Ama. Idinadalangin namin at inaangkin ang lahat ng ito sa Makapangyarihang Pangalan ni Hesus. Amen!",
29/02/2024,no,11:1-30,"O Ama sa Langit, salamat sa paggamit kay Hesus upang magsilang ng kaligtasan, upang ang bawat isa na naniniwala kay Kristo ay makatanggap ng kabuuan ng buhay, sapagkat inihanda Mo ang Iyong pamatok para sa amin. Gusto kong tularan ang Iyong modelo sa aking paggawa. Nawa'y bigyan ako ng Banal na Espiritu ng lakas at patnubayan ang aking landas upang maging saksi Mo. Sa Pangalan ni Hesus, Amen!","Maraming tao ang nag-uusap kung si Hesus ba ang Mesiyas, na pinakahihintay ng mga Israelita. Kasama nila si Juan, na nagbinyag kay Hesus sa ilog ng Jordan, at ang mga Hudyo mula sa tatlong nayon ng Corazin, Betsaida, at Capernaum na matatagpuan sa Galilea. Hindi pa nasaksihan ni Juan si Hesus na gumagawa ng mga himala, ngunit naniniwala Siya na si Hesus ang Mesiyas. Kahit na personal na naranasan ng mga tao mula sa tatlong nayon ang mga turo, at tulong mula kay Hesus, tumanggi silang maniwala na si Hesus ang kanilang Mesiyas. Nanalangin si Hesus para sa mga taong ito. ....... Nakiusap Siya sa Diyos, na patawarin ang kanilang kamangma-ngan. Ang totoo, lahat ng handang sumunod kay Hesus, at maging Kanyang mga disi-pulo, ay tatanggap ng kapayapaan. Tuturuan sila ni Hesus kung ano ang dapat nilang gawin. Ang mga disi-pulo ay kailangan lamang na tularan si Hesus, pagkatapos ay tatanggap sila ng lakas, at patnubay upang maisakatuparan, ang gawaing ipinagkatiwala sa kanila ng Panginoon. Sa proseso, mararanasan din nila ang kahanga-hangang presensya ng Diyos. Sa ngayon, kapag tayo ay naglilingkod sa Diyos, tayo ba ay nakadarama din ng kawalan ng kakayahan, at iniisip na sumuko? Sa pamamagitan ng pagpapasan sa pang-atang ni Hesus sa atin, at pagkakasangkapan ng kapangyarihan ng Banal na Espiritu, ang lahat ay magiging mas madali. Ito ay dahil magaan ang pasanin na ibinigay sa atin ng Panginoon, upang tayo ay makapagsumikap nang may lakas, at magtamasa ng kapayapaan.",Kunin ang Pang-atang ni Hesus upang Makahanap ng Kapahingahan,"Ama sa Langit, lumalapit kami sa Iyo ngayon nang may mabigat na puso, may kabigatan sa mga nangyayaring digmaan, at labanan, na sumira sa aming mundo. Itinataas namin sa Iyo ang lahat ng nagdurusa dahil sa mga labanang ito—ang mga inosenteng buhay na nawala, ang mga pamilyang nagkawatak-watak, at ang mga komunidad na nawasak ng karahasan. Idinadalangin namin na ang kapayapaan ay igawad Mo, sa mga lupain na napinsala ng digmaan.  Hinihiling namin ang Iyong Banal na Pagkilos upang maantig, ang puso ng mga pinuno ng daigdig, na gabayan sila patungo sa mga landas ng diplomasya, pagkakasundo, at pagkakaunawaan. Hayaang manaig ang Iyong karunungan, sa mga silid ng paggawa ng desisyon. Ipaalala sa amin ang Iyong Utos, na mahalin ang aming kapwa gaya ng aming sarili, at hayaang ang pag-ibig na ito ay umabot sa lahat ng sulok ng mundo. Protektahan ang ating mga sundalo, at nawa'y palitan ng pagmamahal, at pagpapatawad ang poot, at paghihiganti. Aliwin ang mga nagdurusa, palakasin ang mga naghahanap ng hustisya, at pagalingin ang mga pilat ng digmaan. Sa Pangalan ng Iyong Anak, si Hesukristo, ang Prinsipe ng Kapayapaan, iniaalay namin ang panalanging ito. Nawa'y ang Kanyang halimbawa ng pag-ibig, sakripisyo, at pakikipagkasundo ay magbigay inspirasyon, sa ating lahat na kumilos tungo sa isang mundo, kung saan ang mga espada ay hinahampas sa mga pang-araro, at kung saan ang Iyong kapayapaan ay naghahari. Sa pangalan ni Hesus, ....... Amen.",
01/03/2024,no,12:1-21,"Ama sa Langit, maging ang isang taong mahina na katulad ko ay pinili Mo at pinahiran ng Iyong awtoridad na gawin ang Iyong mga gawa at magpatotoo para sa Iyo. Gusto kong gawin ang gawain na ipinagkatiwala Mo sa akin, nang buong puso. Hayaan ang mga mahihina na maging malakas at maging patotoo sa Iyong liwanag sa madilim na panahong ito. Sa Pangalan ni Hesus, Amen","Dahil si Hesus ang Mesiyas, ang Gumawa ng langit at lupa, at ang Panginoon ng araw ng Pamamahinga, maaari tayong maging huwaran sa Kanya sa pamamagitan ng pagpapasan ng Kanyang pang-atang sa atin, upang tamasahin ang kapayapaan. Gayunpaman, sa panahong iyon, maraming mga Hudyo ang tumangging tanggapin ang katotohanang ito. at patuloy na hinahamon ang mga turo at pagkilos ni Hesus. Ang mga salungatan na ito ay lalong maliwanag, sa araw ng Pamamahinga. May mga tao na pumuna na si Hesus ay lumabag sa mga tuntunin ng araw ng pamamahinga, dahil sa hindi pagpigil sa mga disipulo na mamitas ng mga butil, upang kainin, at para sa pagpapagaling ng isang lalaking tuyo ang kamay. Bakit ginawa ni Hesus ang lahat ng ito? Gaya ng sinabi ng mga propeta noon, ang misyon ni Hesus ay hindi para pagpalain ang sangkatauhan ng kayamanan at katanyagan, kundi ang magdala ng katarungan sa buong mundo. Ito ay hindi nakakamit sa pamamagitan ng kompetisyon at sigawan, ngunit sa pamamagitan ng paggamit ng mga ordinaryong tao, at walang magawa upang magpatotoo sa kapangyarihan ng Ebanghelyo. Kung paanong hindi masisira ang bugbog na damo, at hindi mapapatay ang nagbabagang mitsa, hindi lamang naparito si Hesus para sa mga Hudyo. Siya ay naparito upang iligtas kapwa ang mga Hudyo, at ang mga Hentil. Ang bawat tao sa mundo ay dapat tumingin kay Kristo.",Isang Bugbog na Tambo,"Mahal na Ama sa Langit, naniniwala kami na patuloy Mo kaming pangangalagaan ng Iyong pag-ibig, at katotohanan, gayundin ang pagbuhos ng Iyong awa, at biyaya sa mga paaralan. Dalangin namin na ipagkaloob Mo sa lahat paaralan ang lahat ng pangangailangan nito, at bigyan ang lahat ng mga guro. at tagapangasiwa ng malusog na katawan, marangal na pag-iisip, at motibasyon na sumulong. Panginoon, ingatan Mo po kami. at maawa sa aming mga kahinaan at paglabag. Dito sa paaralan, hindi lang mga estudyante ang mahina; pati na mga guro. Kailangan din namin ang Iyong habag at biyaya. Inutusan mo kaming magpatawad at tanggapin ang iba, tulungan kaming matutong magpatawad sa isa't isa sa biyaya ng pagpapatawad, at pagkatapos ay magtulungan na makamtan ang pagbabago, ng pagbubuhos ng Banal na Espirito. Kami umaasa na ang aming paaralan, ay maging isang lugar, kung saan ang Iyong pangalan ay luluwalhatiin. Sa pangalan ng Panginoon, Amen!",
02/03/2024,no,12:22-50,"Ama, kinikilala namin na ikaw ay may kapangyarihan sa buong mundo at lalo na sa aming buhay. Walang nangyayari sa labas ng iyong kaalaman o kalooban Mo. Samakatuwid, bigyan kami ng pananampalataya na maniwala na ang lahat ng nangyayari sa loob ng iyong mapagmasid na mata. Sa halip na sisihin at punahin ay binibigyan mo kami ng pananaw na kailangan namin upang makita ang iyong makapangyarihang kamay sa trabaho. Ipakita ang iyong sarili na maging malakas sa pamamagitan ng kapangyarihan ng Banal na Espiritu. Sa pangalan ni Hesus, Amen","Alam mo ba na makikita natin ang mga bagay na darating, sa pamamagitan ng pagmamasid, sa iba't ibang tagapagpahiwatig? Isipin mo na lang kapag may maitim na ulap sa langit. Sa pamamagitan ng nakikita na pagbuo ng mga ulap, maaari nating hulaan na uulan. Sa buong Bibliya, nakikita natin na ito ang tunay na pangyayari sa pamamagitan ng pagmamasid sa iba't ibang tagapagpahiwatig upang mas malaman ang Kanyang Puso at ang Kanyang Plano para sa atin. Sa bersikulong ito, makikita natin si Hesus na nagtuturo sa mga tao, na maaari nating malaman kung ano ang nasa puso ng isang tao sa pamamagitan ng kanyang mga nagawa. Ang mabuting pananim lamang ang maaaring magbunga ng mabuti. Sa parehong paraan, ang isang mabuting puso na binago ng Ebanghelyo, ay magbubunga ng bunga ng Espirito. Kaya naman, makikita natin ang mga tanda ng isang taong nabubuhay para sa Kaharian ng Diyos. Gayundin, binanggit ni Hesus ang tungkol sa tanda ni Jonas, na ibinigay sa mga Hudyo, upang ipaalala sa kanila ang pangangailangan ng pagsisisi. Binanggit din niya ang tungkol sa pagdating ng Reyna ng Sheba upang marinig ang tungkol sa karunungan ni Solomon. Ang lahat ng ito ay mga palatandaan na nagtuturo, ay isang mas dakila, na Siya mismo, ang Mesiyas. Ano ang ilang mga palatandaan na ginagamit ng Diyos, upang makipag-usap sa iyo? Marahil ay may isang sitwasyon na kailangan mong magtiwala sa Diyos, o isang kasalanan na kailangan mong pagsisihan. Ang Diyos ay matiyagang naghihintay na bumalik ka sa Kanya sa pagsisisi, upang muli mong maranasan ang Kanyang Biyaya at Pagpapatawad.",Ano ang sinusubukang ipakita ng Diyos sa iyo?,"Mahal na Ama, idinadalangin namin ang mga magulang ng mga batang may espesyal na pangangailangan, na humuhiling sa Panginoon, na bigyan sila ng lakas, karunungan, at maging masigasig na pangalagaan at mahalin ang kanilang mga anak. Pinupuri ka namin, Panginoon, aming Lumikha! Kahanga-hanga at kamangha-mangha ang pagkakalikha sa mga batang ito. Maaaring iba sila sa karamihan ng ibang mga bata, ngunit lahat ng mga bata ay pareho sa Iyo. Ang Iyong pag-ibig at ang Iyong liwanag ay sisikat sa kanilang buhay. Pinrotektahan mo sila simula pa noong nasa sinapupunan pa sila ng kanilang ina. Nagsusumamo kami sa Iyo Diyos, mangyaring baguhin ang pananaw, ng mga magulang sa mga batang ito, at hayaan silang makita sa mga paningin ng Diyos, kung gaano kaganda at kakaiba ang kanilang mga anak! Nawa'y dagdagan ng Diyos ang kanilang pagmamahal upang mahalin nila ng walang pag-iimbot ang kanilang mga anak. Hinahangad din namin sa Diyos, na bigyan ng pag-asa ang Inyong mga anak, dahil ang kanilang kinabukasan ay nasa Iyong mga kamay. Napakahalaga sa kanila ng iyong mga iniisip. Ang mga bata ay katulad ng hindi mabibiling kayamanan sa Iyong mga mata. Siguradong aalagaan mo sila sa bawat sandali, sa bawat araw ng kanilang buhay. Sa pangalan ni Hesus kami ay nananalangin, Amen!",